{
    "timestamp": "2026-04-01T20:07:25.267530+00:00",
    "baskets": {
        "BAC_JPM_WFC_Spread": {
            "tickers": [
                "BAC",
                "JPM",
                "WFC"
            ],
            "weights": {
                "BAC": 1.0,
                "JPM": -0.010534260762292854,
                "WFC": -0.4638144829517923
            },
            "half_life": 0.590385670654093,
            "capital_allocation": 0.0557
        },
        "COST_HYG_TLT_WMT_XLU_Spread": {
            "tickers": [
                "COST",
                "HYG",
                "TLT",
                "WMT",
                "XLU"
            ],
            "weights": {
                "COST": 1.0,
                "HYG": -875.3673063632867,
                "TLT": 494.26499520387586,
                "WMT": 17.533030802663635,
                "XLU": -420.1387846004486
            },
            "half_life": 0.05167366993239911,
            "capital_allocation": 0.4484
        },
        "CVX_XLE_Spread": {
            "tickers": [
                "CVX",
                "XLE"
            ],
            "weights": {
                "CVX": 1.0,
                "XLE": -3.143447222096372
            },
            "half_life": 0.05934807006528251,
            "capital_allocation": 0.0301
        },
        "DIS_XLF_Spread": {
            "tickers": [
                "DIS",
                "XLF"
            ],
            "weights": {
                "DIS": 1.0,
                "XLF": -2.683730595231777
            },
            "half_life": 4.407651810188026,
            "capital_allocation": 0.0001
        },
        "DUK_SO_Spread": {
            "tickers": [
                "DUK",
                "SO"
            ],
            "weights": {
                "DUK": 1.0,
                "SO": -1.4363418655796674
            },
            "half_life": 0.30158778644297013,
            "capital_allocation": 0.0079
        },
        "EOG_XOM_Spread": {
            "tickers": [
                "EOG",
                "XOM"
            ],
            "weights": {
                "EOG": 1.0,
                "XOM": -0.9197109389250613
            },
            "half_life": 0.22983039567413072,
            "capital_allocation": 0.0
        },
        "GOOG_GOOGL_Spread": {
            "tickers": [
                "GOOG",
                "GOOGL"
            ],
            "weights": {
                "GOOG": 1.0,
                "GOOGL": -1.0297946061621457
            },
            "half_life": 0.16268849538051433,
            "capital_allocation": 0.0002
        },
        "GS_MS_Spread": {
            "tickers": [
                "GS",
                "MS"
            ],
            "weights": {
                "GS": 1.0,
                "MS": -5.492808034312611
            },
            "half_life": 0.8392080778094992,
            "capital_allocation": 0.0153
        },
        "HD_LOW_Spread": {
            "tickers": [
                "HD",
                "LOW"
            ],
            "weights": {
                "HD": 1.0,
                "LOW": -1.1961954235043921
            },
            "half_life": 3.6970318824886967,
            "capital_allocation": 0.097
        },
        "KO_VZ_Spread": {
            "tickers": [
                "KO",
                "VZ"
            ],
            "weights": {
                "KO": 1.0,
                "VZ": -0.9467903776455163
            },
            "half_life": 1.7793727279920073,
            "capital_allocation": 0.2248
        },
        "MA_V_Spread": {
            "tickers": [
                "MA",
                "V"
            ],
            "weights": {
                "MA": 1.0,
                "V": -1.6543332000116648
            },
            "half_life": 1.4906112338138449,
            "capital_allocation": 0.0
        },
        "SMH_TSM_Spread": {
            "tickers": [
                "SMH",
                "TSM"
            ],
            "weights": {
                "SMH": 1.0,
                "TSM": -0.4535305991471807
            },
            "half_life": 9.004024141215043,
            "capital_allocation": 0.1205
        }
    },
    "flat_list": [
        "V",
        "XLE",
        "WMT",
        "DUK",
        "CVX",
        "GOOGL",
        "JPM",
        "KO",
        "TLT",
        "HYG",
        "XLF",
        "VZ",
        "SO",
        "GS",
        "XOM",
        "GOOG",
        "DIS",
        "TSM",
        "SMH",
        "MS",
        "WFC",
        "BAC",
        "MA",
        "LOW",
        "HD",
        "COST",
        "EOG",
        "XLU"
    ]
}