{
    "timestamp": "2026-03-30T20:07:22.191340+00:00",
    "baskets": {
        "ABBV_AMGN_GILD_LLY_XLV_Spread": {
            "tickers": [
                "ABBV",
                "AMGN",
                "GILD",
                "LLY",
                "XLV"
            ],
            "weights": {
                "ABBV": 1.0,
                "AMGN": -4.463422917601694,
                "GILD": 1.1912408902914609,
                "LLY": -4.705417502408495,
                "XLV": 58.99666501188682
            },
            "half_life": 1.1871624935988037,
            "capital_allocation": 0.2324
        },
        "AVGO_NVDA_Spread": {
            "tickers": [
                "AVGO",
                "NVDA"
            ],
            "weights": {
                "AVGO": 1.0,
                "NVDA": -1.6396338909168484
            },
            "half_life": 7.224799772766589,
            "capital_allocation": 0.0
        },
        "BAC_JPM_Spread": {
            "tickers": [
                "BAC",
                "JPM"
            ],
            "weights": {
                "BAC": 1.0,
                "JPM": -0.23149179332390393
            },
            "half_life": 5.0294073164138355,
            "capital_allocation": 0.023
        },
        "CVX_XLE_Spread": {
            "tickers": [
                "CVX",
                "XLE"
            ],
            "weights": {
                "CVX": 1.0,
                "XLE": -3.1555757113843432
            },
            "half_life": 0.06031850765573683,
            "capital_allocation": 0.0247
        },
        "DIS_XLF_Spread": {
            "tickers": [
                "DIS",
                "XLF"
            ],
            "weights": {
                "DIS": 1.0,
                "XLF": -2.6536151476140555
            },
            "half_life": 4.350405576969795,
            "capital_allocation": 0.0003
        },
        "DUK_SO_Spread": {
            "tickers": [
                "DUK",
                "SO"
            ],
            "weights": {
                "DUK": 1.0,
                "SO": -1.4390078110008515
            },
            "half_life": 0.27179375263699274,
            "capital_allocation": 0.0075
        },
        "EOG_XOM_Spread": {
            "tickers": [
                "EOG",
                "XOM"
            ],
            "weights": {
                "EOG": 1.0,
                "XOM": -0.8851620687535313
            },
            "half_life": 0.23747483051440887,
            "capital_allocation": 0.0016
        },
        "GOOG_GOOGL_Spread": {
            "tickers": [
                "GOOG",
                "GOOGL"
            ],
            "weights": {
                "GOOG": 1.0,
                "GOOGL": -1.0306408422537847
            },
            "half_life": 0.16857917413299725,
            "capital_allocation": 0.0
        },
        "GS_MS_Spread": {
            "tickers": [
                "GS",
                "MS"
            ],
            "weights": {
                "GS": 1.0,
                "MS": -5.514809766179519
            },
            "half_life": 0.9459803750849366,
            "capital_allocation": 0.0143
        },
        "HD_LOW_Spread": {
            "tickers": [
                "HD",
                "LOW"
            ],
            "weights": {
                "HD": 1.0,
                "LOW": -1.182801049601663
            },
            "half_life": 3.603999497556364,
            "capital_allocation": 0.0886
        },
        "HYG_TLT_XLU_Spread": {
            "tickers": [
                "HYG",
                "TLT",
                "XLU"
            ],
            "weights": {
                "HYG": 1.0,
                "TLT": -0.5772569620565984,
                "XLU": 0.4254747960850683
            },
            "half_life": 0.05972344066773838,
            "capital_allocation": 0.4157
        },
        "KO_VZ_Spread": {
            "tickers": [
                "KO",
                "VZ"
            ],
            "weights": {
                "KO": 1.0,
                "VZ": -0.9460230809541901
            },
            "half_life": 1.7458145398227727,
            "capital_allocation": 0.1918
        },
        "MA_V_Spread": {
            "tickers": [
                "MA",
                "V"
            ],
            "weights": {
                "MA": 1.0,
                "V": -1.6441309558886978
            },
            "half_life": 1.4161186315839795,
            "capital_allocation": 0.0
        }
    },
    "flat_list": [
        "XLF",
        "VZ",
        "ABBV",
        "MS",
        "AMGN",
        "HD",
        "KO",
        "V",
        "LLY",
        "XLE",
        "GOOGL",
        "DIS",
        "GS",
        "XLU",
        "AVGO",
        "XOM",
        "GOOG",
        "HYG",
        "MA",
        "LOW",
        "CVX",
        "XLV",
        "JPM",
        "EOG",
        "TLT",
        "BAC",
        "SO",
        "NVDA",
        "DUK",
        "GILD"
    ]
}