{
    "timestamp": "2026-04-03T20:07:13.719642+00:00",
    "baskets": {
        "BAC_JPM_Spread": {
            "tickers": [
                "BAC",
                "JPM"
            ],
            "weights": {
                "BAC": 1.0,
                "JPM": -0.2376707504333346
            },
            "half_life": 4.68702052784951,
            "capital_allocation": 0.0431
        },
        "C_GS_MS_Spread": {
            "tickers": [
                "C",
                "GS",
                "MS"
            ],
            "weights": {
                "C": 1.0,
                "GS": 0.3497538727603935,
                "MS": -2.318195646969933
            },
            "half_life": 0.6560483453510015,
            "capital_allocation": 0.0
        },
        "COST_HYG_TLT_WMT_XLU_Spread": {
            "tickers": [
                "COST",
                "HYG",
                "TLT",
                "WMT",
                "XLU"
            ],
            "weights": {
                "COST": 1.0,
                "HYG": -252.73005701408422,
                "TLT": 141.59764905917635,
                "WMT": 3.324193546743393,
                "XLU": -124.83093288135682
            },
            "half_life": 0.05112709707446492,
            "capital_allocation": 0.4451
        },
        "CVX_XLE_Spread": {
            "tickers": [
                "CVX",
                "XLE"
            ],
            "weights": {
                "CVX": 1.0,
                "XLE": -3.1161454221423597
            },
            "half_life": 0.058348589894136924,
            "capital_allocation": 0.0339
        },
        "DIS_XLF_Spread": {
            "tickers": [
                "DIS",
                "XLF"
            ],
            "weights": {
                "DIS": 1.0,
                "XLF": -2.792167757602735
            },
            "half_life": 4.338295479970382,
            "capital_allocation": 0.0
        },
        "DUK_SO_Spread": {
            "tickers": [
                "DUK",
                "SO"
            ],
            "weights": {
                "DUK": 1.0,
                "SO": -1.4199519469802808
            },
            "half_life": 0.2808282556189578,
            "capital_allocation": 0.0014
        },
        "EOG_XOM_Spread": {
            "tickers": [
                "EOG",
                "XOM"
            ],
            "weights": {
                "EOG": 1.0,
                "XOM": -0.9659545756252537
            },
            "half_life": 0.21716154823460881,
            "capital_allocation": 0.0004
        },
        "GOOG_GOOGL_Spread": {
            "tickers": [
                "GOOG",
                "GOOGL"
            ],
            "weights": {
                "GOOG": 1.0,
                "GOOGL": -1.0312060709929034
            },
            "half_life": 0.16093641626895783,
            "capital_allocation": 0.0
        },
        "HD_LOW_Spread": {
            "tickers": [
                "HD",
                "LOW"
            ],
            "weights": {
                "HD": 1.0,
                "LOW": -1.202548633962292
            },
            "half_life": 3.9014520838142093,
            "capital_allocation": 0.1045
        },
        "KO_VZ_Spread": {
            "tickers": [
                "KO",
                "VZ"
            ],
            "weights": {
                "KO": 1.0,
                "VZ": -0.9230598109182183
            },
            "half_life": 1.8052513920471773,
            "capital_allocation": 0.247
        },
        "MA_V_Spread": {
            "tickers": [
                "MA",
                "V"
            ],
            "weights": {
                "MA": 1.0,
                "V": -1.6822813607556304
            },
            "half_life": 1.4376993571143357,
            "capital_allocation": 0.0
        },
        "SMH_TSM_Spread": {
            "tickers": [
                "SMH",
                "TSM"
            ],
            "weights": {
                "SMH": 1.0,
                "TSM": -0.47785486467337407
            },
            "half_life": 7.49808577699702,
            "capital_allocation": 0.1247
        }
    },
    "flat_list": [
        "GOOGL",
        "DIS",
        "C",
        "COST",
        "VZ",
        "TLT",
        "BAC",
        "KO",
        "TSM",
        "CVX",
        "EOG",
        "HYG",
        "JPM",
        "V",
        "XLF",
        "XLE",
        "SO",
        "XOM",
        "GOOG",
        "SMH",
        "MS",
        "MA",
        "LOW",
        "HD",
        "XLU",
        "WMT",
        "DUK",
        "GS"
    ]
}