{
    "timestamp": "2026-04-02T20:08:26.254703+00:00",
    "baskets": {
        "BAC_JPM_Spread": {
            "tickers": [
                "BAC",
                "JPM"
            ],
            "weights": {
                "BAC": 1.0,
                "JPM": -0.23434524009654897
            },
            "half_life": 4.965490514872173,
            "capital_allocation": 0.034
        },
        "C_GS_MS_Spread": {
            "tickers": [
                "C",
                "GS",
                "MS"
            ],
            "weights": {
                "C": 1.0,
                "GS": 0.3033509102444521,
                "MS": -2.060244705459401
            },
            "half_life": 0.6538705450071248,
            "capital_allocation": 0.0
        },
        "COST_HYG_TLT_WMT_XLU_Spread": {
            "tickers": [
                "COST",
                "HYG",
                "TLT",
                "WMT",
                "XLU"
            ],
            "weights": {
                "COST": 1.0,
                "HYG": -784.1618950041227,
                "TLT": 439.5073857382571,
                "WMT": 15.488044390350627,
                "XLU": -375.736611681478
            },
            "half_life": 0.052169893712047846,
            "capital_allocation": 0.4756
        },
        "CVX_XLE_Spread": {
            "tickers": [
                "CVX",
                "XLE"
            ],
            "weights": {
                "CVX": 1.0,
                "XLE": -3.1387113614844524
            },
            "half_life": 0.05919504548375446,
            "capital_allocation": 0.032
        },
        "DIS_XLF_Spread": {
            "tickers": [
                "DIS",
                "XLF"
            ],
            "weights": {
                "DIS": 1.0,
                "XLF": -2.7341612651261404
            },
            "half_life": 4.413814804723982,
            "capital_allocation": 0.0
        },
        "DUK_SO_Spread": {
            "tickers": [
                "DUK",
                "SO"
            ],
            "weights": {
                "DUK": 1.0,
                "SO": -1.436976701791132
            },
            "half_life": 0.3027877102508848,
            "capital_allocation": 0.0091
        },
        "EOG_XOM_Spread": {
            "tickers": [
                "EOG",
                "XOM"
            ],
            "weights": {
                "EOG": 1.0,
                "XOM": -0.9282056847353687
            },
            "half_life": 0.22831845020572944,
            "capital_allocation": 0.0004
        },
        "GOOG_GOOGL_Spread": {
            "tickers": [
                "GOOG",
                "GOOGL"
            ],
            "weights": {
                "GOOG": 1.0,
                "GOOGL": -1.0300024219169788
            },
            "half_life": 0.16278747295172058,
            "capital_allocation": 0.0002
        },
        "HD_LOW_Spread": {
            "tickers": [
                "HD",
                "LOW"
            ],
            "weights": {
                "HD": 1.0,
                "LOW": -1.1941264356862216
            },
            "half_life": 3.7651507718397794,
            "capital_allocation": 0.1018
        },
        "KO_VZ_Spread": {
            "tickers": [
                "KO",
                "VZ"
            ],
            "weights": {
                "KO": 1.0,
                "VZ": -0.9423057953618541
            },
            "half_life": 1.8002818300114025,
            "capital_allocation": 0.2247
        },
        "MA_V_Spread": {
            "tickers": [
                "MA",
                "V"
            ],
            "weights": {
                "MA": 1.0,
                "V": -1.6598103717600132
            },
            "half_life": 1.497237009868478,
            "capital_allocation": 0.0
        },
        "SMH_TSM_Spread": {
            "tickers": [
                "SMH",
                "TSM"
            ],
            "weights": {
                "SMH": 1.0,
                "TSM": -0.4968703295653821
            },
            "half_life": 8.526416168775373,
            "capital_allocation": 0.1222
        }
    },
    "flat_list": [
        "MS",
        "CVX",
        "XLE",
        "WMT",
        "EOG",
        "XOM",
        "BAC",
        "TLT",
        "C",
        "LOW",
        "GOOG",
        "COST",
        "HD",
        "VZ",
        "V",
        "SO",
        "SMH",
        "DUK",
        "JPM",
        "DIS",
        "KO",
        "GOOGL",
        "TSM",
        "XLF",
        "HYG",
        "XLU",
        "GS",
        "MA"
    ]
}