{
    "timestamp": "2026-03-31T20:08:03.938058+00:00",
    "baskets": {
        "AVGO_NVDA_Spread": {
            "tickers": [
                "AVGO",
                "NVDA"
            ],
            "weights": {
                "AVGO": 1.0,
                "NVDA": -1.5842994421177632
            },
            "half_life": 8.806174215010337,
            "capital_allocation": 0.0003
        },
        "BAC_JPM_Spread": {
            "tickers": [
                "BAC",
                "JPM"
            ],
            "weights": {
                "BAC": 1.0,
                "JPM": -0.23233031645022773
            },
            "half_life": 4.987286875319136,
            "capital_allocation": 0.029
        },
        "CVX_XLE_Spread": {
            "tickers": [
                "CVX",
                "XLE"
            ],
            "weights": {
                "CVX": 1.0,
                "XLE": -3.1468867501940068
            },
            "half_life": 0.0594815014298126,
            "capital_allocation": 0.0303
        },
        "DIS_XLF_Spread": {
            "tickers": [
                "DIS",
                "XLF"
            ],
            "weights": {
                "DIS": 1.0,
                "XLF": -2.693368810540904
            },
            "half_life": 4.384131944131108,
            "capital_allocation": 0.0
        },
        "DUK_SO_Spread": {
            "tickers": [
                "DUK",
                "SO"
            ],
            "weights": {
                "DUK": 1.0,
                "SO": -1.438570985816116
            },
            "half_life": 0.3015958496277991,
            "capital_allocation": 0.0094
        },
        "EOG_XOM_Spread": {
            "tickers": [
                "EOG",
                "XOM"
            ],
            "weights": {
                "EOG": 1.0,
                "XOM": -0.8952366528968544
            },
            "half_life": 0.2343025771498086,
            "capital_allocation": 0.0003
        },
        "GOOG_GOOGL_Spread": {
            "tickers": [
                "GOOG",
                "GOOGL"
            ],
            "weights": {
                "GOOG": 1.0,
                "GOOGL": -1.0305261361542755
            },
            "half_life": 0.16676038634065365,
            "capital_allocation": 0.0
        },
        "GS_MS_Spread": {
            "tickers": [
                "GS",
                "MS"
            ],
            "weights": {
                "GS": 1.0,
                "MS": -5.5081678299501
            },
            "half_life": 0.9038792655112433,
            "capital_allocation": 0.0156
        },
        "HD_LOW_Spread": {
            "tickers": [
                "HD",
                "LOW"
            ],
            "weights": {
                "HD": 1.0,
                "LOW": -1.1875833896694112
            },
            "half_life": 3.636600490452678,
            "capital_allocation": 0.0996
        },
        "HYG_TLT_XLU_Spread": {
            "tickers": [
                "HYG",
                "TLT",
                "XLU"
            ],
            "weights": {
                "HYG": 1.0,
                "TLT": -0.5782519126528759,
                "XLU": 0.4278732125118812
            },
            "half_life": 0.05840930209551661,
            "capital_allocation": 0.4894
        },
        "KO_VZ_Spread": {
            "tickers": [
                "KO",
                "VZ"
            ],
            "weights": {
                "KO": 1.0,
                "VZ": -0.9474433239075571
            },
            "half_life": 1.750117699848292,
            "capital_allocation": 0.2142
        },
        "MA_V_Spread": {
            "tickers": [
                "MA",
                "V"
            ],
            "weights": {
                "MA": 1.0,
                "V": -1.6481365516102373
            },
            "half_life": 1.4841009731450279,
            "capital_allocation": 0.0
        },
        "SMH_TSM_Spread": {
            "tickers": [
                "SMH",
                "TSM"
            ],
            "weights": {
                "SMH": 1.0,
                "TSM": -0.5021761108019014
            },
            "half_life": 9.90827599813371,
            "capital_allocation": 0.1119
        }
    },
    "flat_list": [
        "AVGO",
        "DIS",
        "KO",
        "TLT",
        "MS",
        "LOW",
        "V",
        "GOOG",
        "GOOGL",
        "XLF",
        "DUK",
        "MA",
        "XLU",
        "XLE",
        "TSM",
        "NVDA",
        "CVX",
        "XOM",
        "HD",
        "VZ",
        "JPM",
        "SMH",
        "HYG",
        "EOG",
        "SO",
        "GS",
        "BAC"
    ]
}