{
    "timestamp": "2026-03-30T01:54:05.619366+00:00",
    "baskets": {
        "ABBV_AMGN_GILD_LLY_XLV_Spread": {
            "tickers": [
                "ABBV",
                "AMGN",
                "GILD",
                "LLY",
                "XLV"
            ],
            "weights": {
                "ABBV": 1.0,
                "AMGN": -3.158793684871609,
                "GILD": 0.7407943098391135,
                "LLY": -3.3167595885295413,
                "XLV": 41.0032365355768
            },
            "half_life": 1.2078270031298435
        },
        "AVGO_NVDA_Spread": {
            "tickers": [
                "AVGO",
                "NVDA"
            ],
            "weights": {
                "AVGO": 1.0,
                "NVDA": -1.349453859481298
            },
            "half_life": 7.327860849699223
        },
        "BAC_JPM_Spread": {
            "tickers": [
                "BAC",
                "JPM"
            ],
            "weights": {
                "BAC": 1.0,
                "JPM": -0.2319455590472712
            },
            "half_life": 5.02266092958637
        },
        "CVX_XLE_Spread": {
            "tickers": [
                "CVX",
                "XLE"
            ],
            "weights": {
                "CVX": 1.0,
                "XLE": -3.144906093170658
            },
            "half_life": 0.06011556690195293
        },
        "DUK_SO_Spread": {
            "tickers": [
                "DUK",
                "SO"
            ],
            "weights": {
                "DUK": 1.0,
                "SO": -1.433240690972093
            },
            "half_life": 0.2641291673613644
        },
        "EOG_XOM_Spread": {
            "tickers": [
                "EOG",
                "XOM"
            ],
            "weights": {
                "EOG": 1.0,
                "XOM": -0.8468714950789907
            },
            "half_life": 0.22730838108794296
        },
        "GOOG_GOOGL_Spread": {
            "tickers": [
                "GOOG",
                "GOOGL"
            ],
            "weights": {
                "GOOG": 1.0,
                "GOOGL": -1.0354379085901804
            },
            "half_life": 0.16493916668289088
        },
        "GS_MS_Spread": {
            "tickers": [
                "GS",
                "MS"
            ],
            "weights": {
                "GS": 1.0,
                "MS": -5.480973621791682
            },
            "half_life": 0.9589326543941936
        },
        "HD_LOW_Spread": {
            "tickers": [
                "HD",
                "LOW"
            ],
            "weights": {
                "HD": 1.0,
                "LOW": -1.156387690170625
            },
            "half_life": 3.2159266197824397
        },
        "HYG_RTX_TLT_XLU_Spread": {
            "tickers": [
                "HYG",
                "RTX",
                "TLT",
                "XLU"
            ],
            "weights": {
                "HYG": 1.0,
                "RTX": -0.03200838736789704,
                "TLT": -0.5542488174311149,
                "XLU": 0.48202348315441673
            },
            "half_life": 0.045964273219034214
        },
        "KO_VZ_Spread": {
            "tickers": [
                "KO",
                "VZ"
            ],
            "weights": {
                "KO": 1.0,
                "VZ": -0.9603008522354208
            },
            "half_life": 1.6234147854912153
        },
        "MA_V_Spread": {
            "tickers": [
                "MA",
                "V"
            ],
            "weights": {
                "MA": 1.0,
                "V": -1.652426456021578
            },
            "half_life": 1.4080611260478055
        },
        "SMH_TSM_Spread": {
            "tickers": [
                "SMH",
                "TSM"
            ],
            "weights": {
                "SMH": 1.0,
                "TSM": -0.502002951892923
            },
            "half_life": 9.195659060065255
        }
    },
    "flat_list": [
        "LLY",
        "XLE",
        "TLT",
        "EOG",
        "JPM",
        "HD",
        "VZ",
        "BAC",
        "RTX",
        "ABBV",
        "MS",
        "GOOGL",
        "XLV",
        "AMGN",
        "XLU",
        "MA",
        "LOW",
        "TSM",
        "HYG",
        "SO",
        "NVDA",
        "XOM",
        "DUK",
        "GOOG",
        "V",
        "GILD",
        "GS",
        "SMH",
        "AVGO",
        "CVX",
        "KO"
    ]
}